{
  "camax_max_unroll_width_AVX": 32,
  "camax_max_unroll_width_SISD": 1,
  "camax_max_unroll_width_SSE": 12,
  "camaxm_max_unroll_width_AVX": 16,
  "camaxm_max_unroll_width_SISD": 1,
  "camaxm_max_unroll_width_SSE": 6,
  "cdepositDotC_expand_AVX_fold_2": true,
  "cdepositDotC_expand_AVX_fold_3": true,
  "cdepositDotC_expand_AVX_fold_4": true,
  "cdepositDotC_expand_SISD_fold_2": false,
  "cdepositDotC_expand_SISD_fold_3": true,
  "cdepositDotC_expand_SISD_fold_4": false,
  "cdepositDotC_expand_SSE_fold_2": true,
  "cdepositDotC_expand_SSE_fold_3": true,
  "cdepositDotC_expand_SSE_fold_4": true,
  "cdepositDotC_max_pipe_width_AVX_fold_0": 4,
  "cdepositDotC_max_pipe_width_AVX_fold_2": 4,
  "cdepositDotC_max_pipe_width_AVX_fold_3": 4,
  "cdepositDotC_max_pipe_width_AVX_fold_4": 4,
  "cdepositDotC_max_pipe_width_SISD_fold_0": 1,
  "cdepositDotC_max_pipe_width_SISD_fold_2": 1,
  "cdepositDotC_max_pipe_width_SISD_fold_3": 1,
  "cdepositDotC_max_pipe_width_SISD_fold_4": 1,
  "cdepositDotC_max_pipe_width_SSE_fold_0": 4,
  "cdepositDotC_max_pipe_width_SSE_fold_2": 2,
  "cdepositDotC_max_pipe_width_SSE_fold_3": 2,
  "cdepositDotC_max_pipe_width_SSE_fold_4": 2,
  "cdepositDotC_max_unroll_width_AVX_fold_0": 2,
  "cdepositDotC_max_unroll_width_AVX_fold_2": 2,
  "cdepositDotC_max_unroll_width_AVX_fold_3": 4,
  "cdepositDotC_max_unroll_width_AVX_fold_4": 4,
  "cdepositDotC_max_unroll_width_SISD_fold_0": 1,
  "cdepositDotC_max_unroll_width_SISD_fold_2": 1,
  "cdepositDotC_max_unroll_width_SISD_fold_3": 1,
  "cdepositDotC_max_unroll_width_SISD_fold_4": 1,
  "cdepositDotC_max_unroll_width_SSE_fold_0": 1,
  "cdepositDotC_max_unroll_width_SSE_fold_2": 3,
  "cdepositDotC_max_unroll_width_SSE_fold_3": 4,
  "cdepositDotC_max_unroll_width_SSE_fold_4": 2,
  "cdepositDotU_expand_AVX_fold_2": true,
  "cdepositDotU_expand_AVX_fold_3": true,
  "cdepositDotU_expand_AVX_fold_4": true,
  "cdepositDotU_expand_SISD_fold_2": false,
  "cdepositDotU_expand_SISD_fold_3": true,
  "cdepositDotU_expand_SISD_fold_4": false,
  "cdepositDotU_expand_SSE_fold_2": true,
  "cdepositDotU_expand_SSE_fold_3": true,
  "cdepositDotU_expand_SSE_fold_4": true,
  "cdepositDotU_max_pipe_width_AVX_fold_0": 4,
  "cdepositDotU_max_pipe_width_AVX_fold_2": 4,
  "cdepositDotU_max_pipe_width_AVX_fold_3": 4,
  "cdepositDotU_max_pipe_width_AVX_fold_4": 4,
  "cdepositDotU_max_pipe_width_SISD_fold_0": 1,
  "cdepositDotU_max_pipe_width_SISD_fold_2": 1,
  "cdepositDotU_max_pipe_width_SISD_fold_3": 1,
  "cdepositDotU_max_pipe_width_SISD_fold_4": 1,
  "cdepositDotU_max_pipe_width_SSE_fold_0": 2,
  "cdepositDotU_max_pipe_width_SSE_fold_2": 4,
  "cdepositDotU_max_pipe_width_SSE_fold_3": 2,
  "cdepositDotU_max_pipe_width_SSE_fold_4": 2,
  "cdepositDotU_max_unroll_width_AVX_fold_0": 8,
  "cdepositDotU_max_unroll_width_AVX_fold_2": 3,
  "cdepositDotU_max_unroll_width_AVX_fold_3": 2,
  "cdepositDotU_max_unroll_width_AVX_fold_4": 6,
  "cdepositDotU_max_unroll_width_SISD_fold_0": 1,
  "cdepositDotU_max_unroll_width_SISD_fold_2": 1,
  "cdepositDotU_max_unroll_width_SISD_fold_3": 1,
  "cdepositDotU_max_unroll_width_SISD_fold_4": 1,
  "cdepositDotU_max_unroll_width_SSE_fold_0": 5,
  "cdepositDotU_max_unroll_width_SSE_fold_2": 3,
  "cdepositDotU_max_unroll_width_SSE_fold_3": 2,
  "cdepositDotU_max_unroll_width_SSE_fold_4": 2,
  "cdepositSum_expand_AVX_fold_2": true,
  "cdepositSum_expand_AVX_fold_3": true,
  "cdepositSum_expand_AVX_fold_4": true,
  "cdepositSum_expand_SISD_fold_2": false,
  "cdepositSum_expand_SISD_fold_3": true,
  "cdepositSum_expand_SISD_fold_4": false,
  "cdepositSum_expand_SSE_fold_2": true,
  "cdepositSum_expand_SSE_fold_3": true,
  "cdepositSum_expand_SSE_fold_4": true,
  "cdepositSum_max_pipe_width_AVX_fold_0": 4,
  "cdepositSum_max_pipe_width_AVX_fold_2": 8,
  "cdepositSum_max_pipe_width_AVX_fold_3": 4,
  "cdepositSum_max_pipe_width_AVX_fold_4": 4,
  "cdepositSum_max_pipe_width_SISD_fold_0": 1,
  "cdepositSum_max_pipe_width_SISD_fold_2": 1,
  "cdepositSum_max_pipe_width_SISD_fold_3": 1,
  "cdepositSum_max_pipe_width_SISD_fold_4": 1,
  "cdepositSum_max_pipe_width_SSE_fold_0": 4,
  "cdepositSum_max_pipe_width_SSE_fold_2": 4,
  "cdepositSum_max_pipe_width_SSE_fold_3": 4,
  "cdepositSum_max_pipe_width_SSE_fold_4": 4,
  "cdepositSum_max_unroll_width_AVX_fold_0": 6,
  "cdepositSum_max_unroll_width_AVX_fold_2": 4,
  "cdepositSum_max_unroll_width_AVX_fold_3": 7,
  "cdepositSum_max_unroll_width_AVX_fold_4": 8,
  "cdepositSum_max_unroll_width_SISD_fold_0": 1,
  "cdepositSum_max_unroll_width_SISD_fold_2": 1,
  "cdepositSum_max_unroll_width_SISD_fold_3": 1,
  "cdepositSum_max_unroll_width_SISD_fold_4": 1,
  "cdepositSum_max_unroll_width_SSE_fold_0": 1,
  "cdepositSum_max_unroll_width_SSE_fold_2": 4,
  "cdepositSum_max_unroll_width_SSE_fold_3": 4,
  "cdepositSum_max_unroll_width_SSE_fold_4": 4,
  "cbcgemm_block_size_XYT_BLOCK": 32768,
  "cbcgemm_block_size_XY_BLOCK": 32768,
  "cbcgemm_block_size_YT_BLOCK": 32,
  "cbcgemm_block_size_Y_BLOCK": 64,
  "cbcgemv_block_size_T_BLOCK": 8,
  "cbcgemv_block_size_XYT_BLOCK": 16384,
  "cbcgemv_block_size_XY_BLOCK": 16384,
  "cbcgemv_block_size_YT_BLOCK": 64,
  "cbcgemv_block_size_Y_BLOCK": 2,
  "cmcdotc_block_size_N_block_MAX": 512,
  "cmcdotu_block_size_N_block_MAX": 512,
  "cmcsum_block_size_N_block_MAX": 512,
  "damax_max_unroll_width_AVX": 32,
  "damax_max_unroll_width_SISD": 1,
  "damax_max_unroll_width_SSE": 12,
  "damaxm_max_unroll_width_AVX": 28,
  "damaxm_max_unroll_width_SISD": 1,
  "damaxm_max_unroll_width_SSE": 8,
  "ddepositASum_expand_AVX_fold_2": true,
  "ddepositASum_expand_AVX_fold_3": true,
  "ddepositASum_expand_AVX_fold_4": true,
  "ddepositASum_expand_SISD_fold_2": false,
  "ddepositASum_expand_SISD_fold_3": true,
  "ddepositASum_expand_SISD_fold_4": false,
  "ddepositASum_expand_SSE_fold_2": true,
  "ddepositASum_expand_SSE_fold_3": true,
  "ddepositASum_expand_SSE_fold_4": true,
  "ddepositASum_max_pipe_width_AVX_fold_0": 4,
  "ddepositASum_max_pipe_width_AVX_fold_2": 8,
  "ddepositASum_max_pipe_width_AVX_fold_3": 8,
  "ddepositASum_max_pipe_width_AVX_fold_4": 4,
  "ddepositASum_max_pipe_width_SISD_fold_0": 1,
  "ddepositASum_max_pipe_width_SISD_fold_2": 1,
  "ddepositASum_max_pipe_width_SISD_fold_3": 1,
  "ddepositASum_max_pipe_width_SISD_fold_4": 1,
  "ddepositASum_max_pipe_width_SSE_fold_0": 8,
  "ddepositASum_max_pipe_width_SSE_fold_2": 8,
  "ddepositASum_max_pipe_width_SSE_fold_3": 2,
  "ddepositASum_max_pipe_width_SSE_fold_4": 4,
  "ddepositASum_max_unroll_width_AVX_fold_0": 1,
  "ddepositASum_max_unroll_width_AVX_fold_2": 6,
  "ddepositASum_max_unroll_width_AVX_fold_3": 4,
  "ddepositASum_max_unroll_width_AVX_fold_4": 4,
  "ddepositASum_max_unroll_width_SISD_fold_0": 1,
  "ddepositASum_max_unroll_width_SISD_fold_2": 1,
  "ddepositASum_max_unroll_width_SISD_fold_3": 1,
  "ddepositASum_max_unroll_width_SISD_fold_4": 1,
  "ddepositASum_max_unroll_width_SSE_fold_0": 1,
  "ddepositASum_max_unroll_width_SSE_fold_2": 2,
  "ddepositASum_max_unroll_width_SSE_fold_3": 3,
  "ddepositASum_max_unroll_width_SSE_fold_4": 8,
  "ddepositDot_expand_AVX_fold_2": true,
  "ddepositDot_expand_AVX_fold_3": true,
  "ddepositDot_expand_AVX_fold_4": true,
  "ddepositDot_expand_SISD_fold_2": false,
  "ddepositDot_expand_SISD_fold_3": true,
  "ddepositDot_expand_SISD_fold_4": false,
  "ddepositDot_expand_SSE_fold_2": true,
  "ddepositDot_expand_SSE_fold_3": true,
  "ddepositDot_expand_SSE_fold_4": true,
  "ddepositDot_max_pipe_width_AVX_fold_0": 8,
  "ddepositDot_max_pipe_width_AVX_fold_2": 8,
  "ddepositDot_max_pipe_width_AVX_fold_3": 8,
  "ddepositDot_max_pipe_width_AVX_fold_4": 8,
  "ddepositDot_max_pipe_width_SISD_fold_0": 1,
  "ddepositDot_max_pipe_width_SISD_fold_2": 1,
  "ddepositDot_max_pipe_width_SISD_fold_3": 1,
  "ddepositDot_max_pipe_width_SISD_fold_4": 1,
  "ddepositDot_max_pipe_width_SSE_fold_0": 8,
  "ddepositDot_max_pipe_width_SSE_fold_2": 8,
  "ddepositDot_max_pipe_width_SSE_fold_3": 4,
  "ddepositDot_max_pipe_width_SSE_fold_4": 4,
  "ddepositDot_max_unroll_width_AVX_fold_0": 4,
  "ddepositDot_max_unroll_width_AVX_fold_2": 2,
  "ddepositDot_max_unroll_width_AVX_fold_3": 2,
  "ddepositDot_max_unroll_width_AVX_fold_4": 2,
  "ddepositDot_max_unroll_width_SISD_fold_0": 1,
  "ddepositDot_max_unroll_width_SISD_fold_2": 1,
  "ddepositDot_max_unroll_width_SISD_fold_3": 1,
  "ddepositDot_max_unroll_width_SISD_fold_4": 1,
  "ddepositDot_max_unroll_width_SSE_fold_0": 1,
  "ddepositDot_max_unroll_width_SSE_fold_2": 3,
  "ddepositDot_max_unroll_width_SSE_fold_3": 4,
  "ddepositDot_max_unroll_width_SSE_fold_4": 3,
  "ddepositSSq_expand_AVX_fold_2": true,
  "ddepositSSq_expand_AVX_fold_3": true,
  "ddepositSSq_expand_AVX_fold_4": true,
  "ddepositSSq_expand_SISD_fold_2": false,
  "ddepositSSq_expand_SISD_fold_3": true,
  "ddepositSSq_expand_SISD_fold_4": false,
  "ddepositSSq_expand_SSE_fold_2": true,
  "ddepositSSq_expand_SSE_fold_3": true,
  "ddepositSSq_expand_SSE_fold_4": true,
  "ddepositSSq_max_pipe_width_AVX_fold_0": 4,
  "ddepositSSq_max_pipe_width_AVX_fold_2": 4,
  "ddepositSSq_max_pipe_width_AVX_fold_3": 16,
  "ddepositSSq_max_pipe_width_AVX_fold_4": 4,
  "ddepositSSq_max_pipe_width_SISD_fold_0": 1,
  "ddepositSSq_max_pipe_width_SISD_fold_2": 1,
  "ddepositSSq_max_pipe_width_SISD_fold_3": 1,
  "ddepositSSq_max_pipe_width_SISD_fold_4": 1,
  "ddepositSSq_max_pipe_width_SSE_fold_0": 4,
  "ddepositSSq_max_pipe_width_SSE_fold_2": 4,
  "ddepositSSq_max_pipe_width_SSE_fold_3": 2,
  "ddepositSSq_max_pipe_width_SSE_fold_4": 2,
  "ddepositSSq_max_unroll_width_AVX_fold_0": 1,
  "ddepositSSq_max_unroll_width_AVX_fold_2": 6,
  "ddepositSSq_max_unroll_width_AVX_fold_3": 1,
  "ddepositSSq_max_unroll_width_AVX_fold_4": 2,
  "ddepositSSq_max_unroll_width_SISD_fold_0": 1,
  "ddepositSSq_max_unroll_width_SISD_fold_2": 1,
  "ddepositSSq_max_unroll_width_SISD_fold_3": 1,
  "ddepositSSq_max_unroll_width_SISD_fold_4": 1,
  "ddepositSSq_max_unroll_width_SSE_fold_0": 7,
  "ddepositSSq_max_unroll_width_SSE_fold_2": 1,
  "ddepositSSq_max_unroll_width_SSE_fold_3": 3,
  "ddepositSSq_max_unroll_width_SSE_fold_4": 6,
  "ddepositSum_expand_AVX_fold_2": true,
  "ddepositSum_expand_AVX_fold_3": true,
  "ddepositSum_expand_AVX_fold_4": true,
  "ddepositSum_expand_SISD_fold_2": false,
  "ddepositSum_expand_SISD_fold_3": true,
  "ddepositSum_expand_SISD_fold_4": false,
  "ddepositSum_expand_SSE_fold_2": true,
  "ddepositSum_expand_SSE_fold_3": true,
  "ddepositSum_expand_SSE_fold_4": true,
  "ddepositSum_max_pipe_width_AVX_fold_0": 4,
  "ddepositSum_max_pipe_width_AVX_fold_2": 8,
  "ddepositSum_max_pipe_width_AVX_fold_3": 8,
  "ddepositSum_max_pipe_width_AVX_fold_4": 8,
  "ddepositSum_max_pipe_width_SISD_fold_0": 1,
  "ddepositSum_max_pipe_width_SISD_fold_2": 1,
  "ddepositSum_max_pipe_width_SISD_fold_3": 1,
  "ddepositSum_max_pipe_width_SISD_fold_4": 1,
  "ddepositSum_max_pipe_width_SSE_fold_0": 8,
  "ddepositSum_max_pipe_width_SSE_fold_2": 4,
  "ddepositSum_max_pipe_width_SSE_fold_3": 4,
  "ddepositSum_max_pipe_width_SSE_fold_4": 4,
  "ddepositSum_max_unroll_width_AVX_fold_0": 4,
  "ddepositSum_max_unroll_width_AVX_fold_2": 4,
  "ddepositSum_max_unroll_width_AVX_fold_3": 2,
  "ddepositSum_max_unroll_width_AVX_fold_4": 2,
  "ddepositSum_max_unroll_width_SISD_fold_0": 1,
  "ddepositSum_max_unroll_width_SISD_fold_2": 1,
  "ddepositSum_max_unroll_width_SISD_fold_3": 1,
  "ddepositSum_max_unroll_width_SISD_fold_4": 1,
  "ddepositSum_max_unroll_width_SSE_fold_0": 1,
  "ddepositSum_max_unroll_width_SSE_fold_2": 6,
  "ddepositSum_max_unroll_width_SSE_fold_3": 3,
  "ddepositSum_max_unroll_width_SSE_fold_4": 8,
  "dbdgemm_block_size_XYT_BLOCK": 32768,
  "dbdgemm_block_size_XY_BLOCK": 32768,
  "dbdgemm_block_size_YT_BLOCK": 32,
  "dbdgemm_block_size_Y_BLOCK": 32,
  "dbdgemv_block_size_T_BLOCK": 8,
  "dbdgemv_block_size_XYT_BLOCK": 32768,
  "dbdgemv_block_size_XY_BLOCK": 32768,
  "dbdgemv_block_size_YT_BLOCK": 128,
  "dbdgemv_block_size_Y_BLOCK": 8,
  "dmdasum_block_size_N_block_MAX": 2048,
  "dmddot_block_size_N_block_MAX": 1024,
  "dmdssq_block_size_N_block_MAX": 2048,
  "dmdsum_block_size_N_block_MAX": 2048,
  "dmzasum_block_size_N_block_MAX": 1024,
  "dmzssq_block_size_N_block_MAX": 1024,
  "dzdepositASum_expand_AVX_fold_2": true,
  "dzdepositASum_expand_AVX_fold_3": true,
  "dzdepositASum_expand_AVX_fold_4": true,
  "dzdepositASum_expand_SISD_fold_2": false,
  "dzdepositASum_expand_SISD_fold_3": true,
  "dzdepositASum_expand_SISD_fold_4": false,
  "dzdepositASum_expand_SSE_fold_2": true,
  "dzdepositASum_expand_SSE_fold_3": true,
  "dzdepositASum_expand_SSE_fold_4": true,
  "dzdepositASum_max_pipe_width_AVX_fold_0": 4,
  "dzdepositASum_max_pipe_width_AVX_fold_2": 4,
  "dzdepositASum_max_pipe_width_AVX_fold_3": 4,
  "dzdepositASum_max_pipe_width_AVX_fold_4": 4,
  "dzdepositASum_max_pipe_width_SISD_fold_0": 1,
  "dzdepositASum_max_pipe_width_SISD_fold_2": 1,
  "dzdepositASum_max_pipe_width_SISD_fold_3": 1,
  "dzdepositASum_max_pipe_width_SISD_fold_4": 1,
  "dzdepositASum_max_pipe_width_SSE_fold_0": 4,
  "dzdepositASum_max_pipe_width_SSE_fold_2": 4,
  "dzdepositASum_max_pipe_width_SSE_fold_3": 2,
  "dzdepositASum_max_pipe_width_SSE_fold_4": 2,
  "dzdepositASum_max_unroll_width_AVX_fold_0": 7,
  "dzdepositASum_max_unroll_width_AVX_fold_2": 6,
  "dzdepositASum_max_unroll_width_AVX_fold_3": 4,
  "dzdepositASum_max_unroll_width_AVX_fold_4": 4,
  "dzdepositASum_max_unroll_width_SISD_fold_0": 1,
  "dzdepositASum_max_unroll_width_SISD_fold_2": 1,
  "dzdepositASum_max_unroll_width_SISD_fold_3": 1,
  "dzdepositASum_max_unroll_width_SISD_fold_4": 1,
  "dzdepositASum_max_unroll_width_SSE_fold_0": 1,
  "dzdepositASum_max_unroll_width_SSE_fold_2": 7,
  "dzdepositASum_max_unroll_width_SSE_fold_3": 6,
  "dzdepositASum_max_unroll_width_SSE_fold_4": 8,
  "dzdepositSSq_expand_AVX_fold_2": true,
  "dzdepositSSq_expand_AVX_fold_3": true,
  "dzdepositSSq_expand_AVX_fold_4": true,
  "dzdepositSSq_expand_SISD_fold_2": false,
  "dzdepositSSq_expand_SISD_fold_3": true,
  "dzdepositSSq_expand_SISD_fold_4": false,
  "dzdepositSSq_expand_SSE_fold_2": true,
  "dzdepositSSq_expand_SSE_fold_3": true,
  "dzdepositSSq_expand_SSE_fold_4": true,
  "dzdepositSSq_max_pipe_width_AVX_fold_0": 2,
  "dzdepositSSq_max_pipe_width_AVX_fold_2": 2,
  "dzdepositSSq_max_pipe_width_AVX_fold_3": 8,
  "dzdepositSSq_max_pipe_width_AVX_fold_4": 2,
  "dzdepositSSq_max_pipe_width_SISD_fold_0": 1,
  "dzdepositSSq_max_pipe_width_SISD_fold_2": 1,
  "dzdepositSSq_max_pipe_width_SISD_fold_3": 1,
  "dzdepositSSq_max_pipe_width_SISD_fold_4": 1,
  "dzdepositSSq_max_pipe_width_SSE_fold_0": 2,
  "dzdepositSSq_max_pipe_width_SSE_fold_2": 2,
  "dzdepositSSq_max_pipe_width_SSE_fold_3": 1,
  "dzdepositSSq_max_pipe_width_SSE_fold_4": 1,
  "dzdepositSSq_max_unroll_width_AVX_fold_0": 1,
  "dzdepositSSq_max_unroll_width_AVX_fold_2": 6,
  "dzdepositSSq_max_unroll_width_AVX_fold_3": 1,
  "dzdepositSSq_max_unroll_width_AVX_fold_4": 2,
  "dzdepositSSq_max_unroll_width_SISD_fold_0": 1,
  "dzdepositSSq_max_unroll_width_SISD_fold_2": 1,
  "dzdepositSSq_max_unroll_width_SISD_fold_3": 1,
  "dzdepositSSq_max_unroll_width_SISD_fold_4": 1,
  "dzdepositSSq_max_unroll_width_SSE_fold_0": 7,
  "dzdepositSSq_max_unroll_width_SSE_fold_2": 1,
  "dzdepositSSq_max_unroll_width_SSE_fold_3": 3,
  "dzdepositSSq_max_unroll_width_SSE_fold_4": 6,
  "samax_max_unroll_width_AVX": 64,
  "samax_max_unroll_width_SISD": 1,
  "samax_max_unroll_width_SSE": 32,
  "samaxm_max_unroll_width_AVX": 64,
  "samaxm_max_unroll_width_SISD": 1,
  "samaxm_max_unroll_width_SSE": 32,
  "scdepositASum_expand_AVX_fold_2": true,
  "scdepositASum_expand_AVX_fold_3": true,
  "scdepositASum_expand_AVX_fold_4": true,
  "scdepositASum_expand_SISD_fold_2": false,
  "scdepositASum_expand_SISD_fold_3": true,
  "scdepositASum_expand_SISD_fold_4": false,
  "scdepositASum_expand_SSE_fold_2": true,
  "scdepositASum_expand_SSE_fold_3": true,
  "scdepositASum_expand_SSE_fold_4": true,
  "scdepositASum_max_pipe_width_AVX_fold_0": 4,
  "scdepositASum_max_pipe_width_AVX_fold_2": 8,
  "scdepositASum_max_pipe_width_AVX_fold_3": 8,
  "scdepositASum_max_pipe_width_AVX_fold_4": 4,
  "scdepositASum_max_pipe_width_SISD_fold_0": 1,
  "scdepositASum_max_pipe_width_SISD_fold_2": 1,
  "scdepositASum_max_pipe_width_SISD_fold_3": 1,
  "scdepositASum_max_pipe_width_SISD_fold_4": 1,
  "scdepositASum_max_pipe_width_SSE_fold_0": 4,
  "scdepositASum_max_pipe_width_SSE_fold_2": 4,
  "scdepositASum_max_pipe_width_SSE_fold_3": 4,
  "scdepositASum_max_pipe_width_SSE_fold_4": 2,
  "scdepositASum_max_unroll_width_AVX_fold_0": 8,
  "scdepositASum_max_unroll_width_AVX_fold_2": 3,
  "scdepositASum_max_unroll_width_AVX_fold_3": 3,
  "scdepositASum_max_unroll_width_AVX_fold_4": 6,
  "scdepositASum_max_unroll_width_SISD_fold_0": 1,
  "scdepositASum_max_unroll_width_SISD_fold_2": 1,
  "scdepositASum_max_unroll_width_SISD_fold_3": 1,
  "scdepositASum_max_unroll_width_SISD_fold_4": 1,
  "scdepositASum_max_unroll_width_SSE_fold_0": 1,
  "scdepositASum_max_unroll_width_SSE_fold_2": 2,
  "scdepositASum_max_unroll_width_SSE_fold_3": 7,
  "scdepositASum_max_unroll_width_SSE_fold_4": 4,
  "scdepositSSq_expand_AVX_fold_2": false,
  "scdepositSSq_expand_AVX_fold_3": false,
  "scdepositSSq_expand_AVX_fold_4": true,
  "scdepositSSq_expand_SISD_fold_2": false,
  "scdepositSSq_expand_SISD_fold_3": true,
  "scdepositSSq_expand_SISD_fold_4": false,
  "scdepositSSq_expand_SSE_fold_2": true,
  "scdepositSSq_expand_SSE_fold_3": true,
  "scdepositSSq_expand_SSE_fold_4": true,
  "scdepositSSq_max_pipe_width_AVX_fold_0": 4,
  "scdepositSSq_max_pipe_width_AVX_fold_2": 8,
  "scdepositSSq_max_pipe_width_AVX_fold_3": 4,
  "scdepositSSq_max_pipe_width_AVX_fold_4": 8,
  "scdepositSSq_max_pipe_width_SISD_fold_0": 1,
  "scdepositSSq_max_pipe_width_SISD_fold_2": 1,
  "scdepositSSq_max_pipe_width_SISD_fold_3": 1,
  "scdepositSSq_max_pipe_width_SISD_fold_4": 1,
  "scdepositSSq_max_pipe_width_SSE_fold_0": 4,
  "scdepositSSq_max_pipe_width_SSE_fold_2": 4,
  "scdepositSSq_max_pipe_width_SSE_fold_3": 4,
  "scdepositSSq_max_pipe_width_SSE_fold_4": 2,
  "scdepositSSq_max_unroll_width_AVX_fold_0": 4,
  "scdepositSSq_max_unroll_width_AVX_fold_2": 6,
  "scdepositSSq_max_unroll_width_AVX_fold_3": 1,
  "scdepositSSq_max_unroll_width_AVX_fold_4": 2,
  "scdepositSSq_max_unroll_width_SISD_fold_0": 1,
  "scdepositSSq_max_unroll_width_SISD_fold_2": 1,
  "scdepositSSq_max_unroll_width_SISD_fold_3": 1,
  "scdepositSSq_max_unroll_width_SISD_fold_4": 1,
  "scdepositSSq_max_unroll_width_SSE_fold_0": 4,
  "scdepositSSq_max_unroll_width_SSE_fold_2": 4,
  "scdepositSSq_max_unroll_width_SSE_fold_3": 8,
  "scdepositSSq_max_unroll_width_SSE_fold_4": 5,
  "sdepositASum_expand_AVX_fold_2": true,
  "sdepositASum_expand_AVX_fold_3": true,
  "sdepositASum_expand_AVX_fold_4": true,
  "sdepositASum_expand_SISD_fold_2": false,
  "sdepositASum_expand_SISD_fold_3": true,
  "sdepositASum_expand_SISD_fold_4": false,
  "sdepositASum_expand_SSE_fold_2": true,
  "sdepositASum_expand_SSE_fold_3": true,
  "sdepositASum_expand_SSE_fold_4": true,
  "sdepositASum_max_pipe_width_AVX_fold_0": 16,
  "sdepositASum_max_pipe_width_AVX_fold_2": 16,
  "sdepositASum_max_pipe_width_AVX_fold_3": 16,
  "sdepositASum_max_pipe_width_AVX_fold_4": 8,
  "sdepositASum_max_pipe_width_SISD_fold_0": 1,
  "sdepositASum_max_pipe_width_SISD_fold_2": 1,
  "sdepositASum_max_pipe_width_SISD_fold_3": 1,
  "sdepositASum_max_pipe_width_SISD_fold_4": 1,
  "sdepositASum_max_pipe_width_SSE_fold_0": 8,
  "sdepositASum_max_pipe_width_SSE_fold_2": 16,
  "sdepositASum_max_pipe_width_SSE_fold_3": 8,
  "sdepositASum_max_pipe_width_SSE_fold_4": 4,
  "sdepositASum_max_unroll_width_AVX_fold_0": 3,
  "sdepositASum_max_unroll_width_AVX_fold_2": 4,
  "sdepositASum_max_unroll_width_AVX_fold_3": 3,
  "sdepositASum_max_unroll_width_AVX_fold_4": 7,
  "sdepositASum_max_unroll_width_SISD_fold_0": 1,
  "sdepositASum_max_unroll_width_SISD_fold_2": 1,
  "sdepositASum_max_unroll_width_SISD_fold_3": 1,
  "sdepositASum_max_unroll_width_SISD_fold_4": 1,
  "sdepositASum_max_unroll_width_SSE_fold_0": 1,
  "sdepositASum_max_unroll_width_SSE_fold_2": 4,
  "sdepositASum_max_unroll_width_SSE_fold_3": 4,
  "sdepositASum_max_unroll_width_SSE_fold_4": 5,
  "sdepositDot_expand_AVX_fold_2": true,
  "sdepositDot_expand_AVX_fold_3": true,
  "sdepositDot_expand_AVX_fold_4": true,
  "sdepositDot_expand_SISD_fold_2": false,
  "sdepositDot_expand_SISD_fold_3": true,
  "sdepositDot_expand_SISD_fold_4": false,
  "sdepositDot_expand_SSE_fold_2": true,
  "sdepositDot_expand_SSE_fold_3": true,
  "sdepositDot_expand_SSE_fold_4": true,
  "sdepositDot_max_pipe_width_AVX_fold_0": 16,
  "sdepositDot_max_pipe_width_AVX_fold_2": 16,
  "sdepositDot_max_pipe_width_AVX_fold_3": 16,
  "sdepositDot_max_pipe_width_AVX_fold_4": 8,
  "sdepositDot_max_pipe_width_SISD_fold_0": 1,
  "sdepositDot_max_pipe_width_SISD_fold_2": 1,
  "sdepositDot_max_pipe_width_SISD_fold_3": 1,
  "sdepositDot_max_pipe_width_SISD_fold_4": 1,
  "sdepositDot_max_pipe_width_SSE_fold_0": 16,
  "sdepositDot_max_pipe_width_SSE_fold_2": 8,
  "sdepositDot_max_pipe_width_SSE_fold_3": 4,
  "sdepositDot_max_pipe_width_SSE_fold_4": 16,
  "sdepositDot_max_unroll_width_AVX_fold_0": 2,
  "sdepositDot_max_unroll_width_AVX_fold_2": 2,
  "sdepositDot_max_unroll_width_AVX_fold_3": 2,
  "sdepositDot_max_unroll_width_AVX_fold_4": 3,
  "sdepositDot_max_unroll_width_SISD_fold_0": 1,
  "sdepositDot_max_unroll_width_SISD_fold_2": 1,
  "sdepositDot_max_unroll_width_SISD_fold_3": 1,
  "sdepositDot_max_unroll_width_SISD_fold_4": 1,
  "sdepositDot_max_unroll_width_SSE_fold_0": 1,
  "sdepositDot_max_unroll_width_SSE_fold_2": 1,
  "sdepositDot_max_unroll_width_SSE_fold_3": 4,
  "sdepositDot_max_unroll_width_SSE_fold_4": 2,
  "sdepositSSq_expand_AVX_fold_2": false,
  "sdepositSSq_expand_AVX_fold_3": true,
  "sdepositSSq_expand_AVX_fold_4": true,
  "sdepositSSq_expand_SISD_fold_2": false,
  "sdepositSSq_expand_SISD_fold_3": true,
  "sdepositSSq_expand_SISD_fold_4": false,
  "sdepositSSq_expand_SSE_fold_2": true,
  "sdepositSSq_expand_SSE_fold_3": true,
  "sdepositSSq_expand_SSE_fold_4": true,
  "sdepositSSq_max_pipe_width_AVX_fold_0": 8,
  "sdepositSSq_max_pipe_width_AVX_fold_2": 8,
  "sdepositSSq_max_pipe_width_AVX_fold_3": 8,
  "sdepositSSq_max_pipe_width_AVX_fold_4": 8,
  "sdepositSSq_max_pipe_width_SISD_fold_0": 1,
  "sdepositSSq_max_pipe_width_SISD_fold_2": 1,
  "sdepositSSq_max_pipe_width_SISD_fold_3": 1,
  "sdepositSSq_max_pipe_width_SISD_fold_4": 1,
  "sdepositSSq_max_pipe_width_SSE_fold_0": 8,
  "sdepositSSq_max_pipe_width_SSE_fold_2": 4,
  "sdepositSSq_max_pipe_width_SSE_fold_3": 8,
  "sdepositSSq_max_pipe_width_SSE_fold_4": 4,
  "sdepositSSq_max_unroll_width_AVX_fold_0": 8,
  "sdepositSSq_max_unroll_width_AVX_fold_2": 6,
  "sdepositSSq_max_unroll_width_AVX_fold_3": 8,
  "sdepositSSq_max_unroll_width_AVX_fold_4": 5,
  "sdepositSSq_max_unroll_width_SISD_fold_0": 1,
  "sdepositSSq_max_unroll_width_SISD_fold_2": 1,
  "sdepositSSq_max_unroll_width_SISD_fold_3": 1,
  "sdepositSSq_max_unroll_width_SISD_fold_4": 1,
  "sdepositSSq_max_unroll_width_SSE_fold_0": 5,
  "sdepositSSq_max_unroll_width_SSE_fold_2": 7,
  "sdepositSSq_max_unroll_width_SSE_fold_3": 7,
  "sdepositSSq_max_unroll_width_SSE_fold_4": 3,
  "sdepositSum_expand_AVX_fold_2": true,
  "sdepositSum_expand_AVX_fold_3": true,
  "sdepositSum_expand_AVX_fold_4": true,
  "sdepositSum_expand_SISD_fold_2": false,
  "sdepositSum_expand_SISD_fold_3": true,
  "sdepositSum_expand_SISD_fold_4": false,
  "sdepositSum_expand_SSE_fold_2": true,
  "sdepositSum_expand_SSE_fold_3": true,
  "sdepositSum_expand_SSE_fold_4": true,
  "sdepositSum_max_pipe_width_AVX_fold_0": 8,
  "sdepositSum_max_pipe_width_AVX_fold_2": 16,
  "sdepositSum_max_pipe_width_AVX_fold_3": 16,
  "sdepositSum_max_pipe_width_AVX_fold_4": 8,
  "sdepositSum_max_pipe_width_SISD_fold_0": 1,
  "sdepositSum_max_pipe_width_SISD_fold_2": 1,
  "sdepositSum_max_pipe_width_SISD_fold_3": 1,
  "sdepositSum_max_pipe_width_SISD_fold_4": 1,
  "sdepositSum_max_pipe_width_SSE_fold_0": 16,
  "sdepositSum_max_pipe_width_SSE_fold_2": 8,
  "sdepositSum_max_pipe_width_SSE_fold_3": 8,
  "sdepositSum_max_pipe_width_SSE_fold_4": 4,
  "sdepositSum_max_unroll_width_AVX_fold_0": 2,
  "sdepositSum_max_unroll_width_AVX_fold_2": 5,
  "sdepositSum_max_unroll_width_AVX_fold_3": 3,
  "sdepositSum_max_unroll_width_AVX_fold_4": 8,
  "sdepositSum_max_unroll_width_SISD_fold_0": 1,
  "sdepositSum_max_unroll_width_SISD_fold_2": 1,
  "sdepositSum_max_unroll_width_SISD_fold_3": 1,
  "sdepositSum_max_unroll_width_SISD_fold_4": 1,
  "sdepositSum_max_unroll_width_SSE_fold_0": 1,
  "sdepositSum_max_unroll_width_SSE_fold_2": 2,
  "sdepositSum_max_unroll_width_SSE_fold_3": 4,
  "sdepositSum_max_unroll_width_SSE_fold_4": 7,
  "sbsgemm_block_size_XYT_BLOCK": 65536,
  "sbsgemm_block_size_XY_BLOCK": 65536,
  "sbsgemm_block_size_YT_BLOCK": 64,
  "sbsgemm_block_size_Y_BLOCK": 128,
  "sbsgemv_block_size_T_BLOCK": 16,
  "sbsgemv_block_size_XYT_BLOCK": 65536,
  "sbsgemv_block_size_XY_BLOCK": 65536,
  "sbsgemv_block_size_YT_BLOCK": 256,
  "sbsgemv_block_size_Y_BLOCK": 32,
  "smcasum_block_size_N_block_MAX": 256,
  "smcssq_block_size_N_block_MAX": 256,
  "smsasum_block_size_N_block_MAX": 512,
  "smsdot_block_size_N_block_MAX": 512,
  "smsssq_block_size_N_block_MAX": 512,
  "smssum_block_size_N_block_MAX": 512,
  "zamax_max_unroll_width_AVX": 16,
  "zamax_max_unroll_width_SISD": 1,
  "zamax_max_unroll_width_SSE": 5,
  "zamaxm_max_unroll_width_AVX": 8,
  "zamaxm_max_unroll_width_SISD": 1,
  "zamaxm_max_unroll_width_SSE": 3,
  "zdepositDotC_expand_AVX_fold_2": true,
  "zdepositDotC_expand_AVX_fold_3": true,
  "zdepositDotC_expand_AVX_fold_4": true,
  "zdepositDotC_expand_SISD_fold_2": false,
  "zdepositDotC_expand_SISD_fold_3": true,
  "zdepositDotC_expand_SISD_fold_4": false,
  "zdepositDotC_expand_SSE_fold_2": true,
  "zdepositDotC_expand_SSE_fold_3": true,
  "zdepositDotC_expand_SSE_fold_4": true,
  "zdepositDotC_max_pipe_width_AVX_fold_0": 4,
  "zdepositDotC_max_pipe_width_AVX_fold_2": 2,
  "zdepositDotC_max_pipe_width_AVX_fold_3": 2,
  "zdepositDotC_max_pipe_width_AVX_fold_4": 2,
  "zdepositDotC_max_pipe_width_SISD_fold_0": 1,
  "zdepositDotC_max_pipe_width_SISD_fold_2": 1,
  "zdepositDotC_max_pipe_width_SISD_fold_3": 1,
  "zdepositDotC_max_pipe_width_SISD_fold_4": 1,
  "zdepositDotC_max_pipe_width_SSE_fold_0": 4,
  "zdepositDotC_max_pipe_width_SSE_fold_2": 1,
  "zdepositDotC_max_pipe_width_SSE_fold_3": 1,
  "zdepositDotC_max_pipe_width_SSE_fold_4": 2,
  "zdepositDotC_max_unroll_width_AVX_fold_0": 1,
  "zdepositDotC_max_unroll_width_AVX_fold_2": 3,
  "zdepositDotC_max_unroll_width_AVX_fold_3": 2,
  "zdepositDotC_max_unroll_width_AVX_fold_4": 2,
  "zdepositDotC_max_unroll_width_SISD_fold_0": 1,
  "zdepositDotC_max_unroll_width_SISD_fold_2": 1,
  "zdepositDotC_max_unroll_width_SISD_fold_3": 1,
  "zdepositDotC_max_unroll_width_SISD_fold_4": 1,
  "zdepositDotC_max_unroll_width_SSE_fold_0": 1,
  "zdepositDotC_max_unroll_width_SSE_fold_2": 3,
  "zdepositDotC_max_unroll_width_SSE_fold_3": 3,
  "zdepositDotC_max_unroll_width_SSE_fold_4": 1,
  "zdepositDotU_expand_AVX_fold_2": true,
  "zdepositDotU_expand_AVX_fold_3": true,
  "zdepositDotU_expand_AVX_fold_4": true,
  "zdepositDotU_expand_SISD_fold_2": false,
  "zdepositDotU_expand_SISD_fold_3": true,
  "zdepositDotU_expand_SISD_fold_4": false,
  "zdepositDotU_expand_SSE_fold_2": true,
  "zdepositDotU_expand_SSE_fold_3": true,
  "zdepositDotU_expand_SSE_fold_4": true,
  "zdepositDotU_max_pipe_width_AVX_fold_0": 2,
  "zdepositDotU_max_pipe_width_AVX_fold_2": 2,
  "zdepositDotU_max_pipe_width_AVX_fold_3": 2,
  "zdepositDotU_max_pipe_width_AVX_fold_4": 2,
  "zdepositDotU_max_pipe_width_SISD_fold_0": 1,
  "zdepositDotU_max_pipe_width_SISD_fold_2": 1,
  "zdepositDotU_max_pipe_width_SISD_fold_3": 1,
  "zdepositDotU_max_pipe_width_SISD_fold_4": 1,
  "zdepositDotU_max_pipe_width_SSE_fold_0": 4,
  "zdepositDotU_max_pipe_width_SSE_fold_2": 1,
  "zdepositDotU_max_pipe_width_SSE_fold_3": 1,
  "zdepositDotU_max_pipe_width_SSE_fold_4": 1,
  "zdepositDotU_max_unroll_width_AVX_fold_0": 4,
  "zdepositDotU_max_unroll_width_AVX_fold_2": 3,
  "zdepositDotU_max_unroll_width_AVX_fold_3": 2,
  "zdepositDotU_max_unroll_width_AVX_fold_4": 2,
  "zdepositDotU_max_unroll_width_SISD_fold_0": 1,
  "zdepositDotU_max_unroll_width_SISD_fold_2": 1,
  "zdepositDotU_max_unroll_width_SISD_fold_3": 1,
  "zdepositDotU_max_unroll_width_SISD_fold_4": 1,
  "zdepositDotU_max_unroll_width_SSE_fold_0": 1,
  "zdepositDotU_max_unroll_width_SSE_fold_2": 3,
  "zdepositDotU_max_unroll_width_SSE_fold_3": 3,
  "zdepositDotU_max_unroll_width_SSE_fold_4": 3,
  "zdepositSum_expand_AVX_fold_2": true,
  "zdepositSum_expand_AVX_fold_3": true,
  "zdepositSum_expand_AVX_fold_4": true,
  "zdepositSum_expand_SISD_fold_2": false,
  "zdepositSum_expand_SISD_fold_3": true,
  "zdepositSum_expand_SISD_fold_4": false,
  "zdepositSum_expand_SSE_fold_2": true,
  "zdepositSum_expand_SSE_fold_3": true,
  "zdepositSum_expand_SSE_fold_4": true,
  "zdepositSum_max_pipe_width_AVX_fold_0": 8,
  "zdepositSum_max_pipe_width_AVX_fold_2": 8,
  "zdepositSum_max_pipe_width_AVX_fold_3": 4,
  "zdepositSum_max_pipe_width_AVX_fold_4": 4,
  "zdepositSum_max_pipe_width_SISD_fold_0": 1,
  "zdepositSum_max_pipe_width_SISD_fold_2": 1,
  "zdepositSum_max_pipe_width_SISD_fold_3": 1,
  "zdepositSum_max_pipe_width_SISD_fold_4": 1,
  "zdepositSum_max_pipe_width_SSE_fold_0": 2,
  "zdepositSum_max_pipe_width_SSE_fold_2": 2,
  "zdepositSum_max_pipe_width_SSE_fold_3": 2,
  "zdepositSum_max_pipe_width_SSE_fold_4": 2,
  "zdepositSum_max_unroll_width_AVX_fold_0": 3,
  "zdepositSum_max_unroll_width_AVX_fold_2": 2,
  "zdepositSum_max_unroll_width_AVX_fold_3": 4,
  "zdepositSum_max_unroll_width_AVX_fold_4": 6,
  "zdepositSum_max_unroll_width_SISD_fold_0": 1,
  "zdepositSum_max_unroll_width_SISD_fold_2": 1,
  "zdepositSum_max_unroll_width_SISD_fold_3": 1,
  "zdepositSum_max_unroll_width_SISD_fold_4": 1,
  "zdepositSum_max_unroll_width_SSE_fold_0": 1,
  "zdepositSum_max_unroll_width_SSE_fold_2": 2,
  "zdepositSum_max_unroll_width_SSE_fold_3": 3,
  "zdepositSum_max_unroll_width_SSE_fold_4": 3,
  "zbzgemm_block_size_XYT_BLOCK": 16384,
  "zbzgemm_block_size_XY_BLOCK": 16384,
  "zbzgemm_block_size_YT_BLOCK": 32,
  "zbzgemm_block_size_Y_BLOCK": 32,
  "zbzgemv_block_size_T_BLOCK": 4,
  "zbzgemv_block_size_XYT_BLOCK": 8192,
  "zbzgemv_block_size_XY_BLOCK": 16384,
  "zbzgemv_block_size_YT_BLOCK": 64,
  "zbzgemv_block_size_Y_BLOCK": 4,
  "zmzdotc_block_size_N_block_MAX": 2048,
  "zmzdotu_block_size_N_block_MAX": 2048,
  "zmzsum_block_size_N_block_MAX": 2048
}
